,title,selftext,score,time
0,Original Cocktail Competition - March 2023 - Radish &amp; Lemon,"**This month's ingredients: Radish &amp; Lemon**

---

**Next month's ingredients: Gin &amp; Egg** 

---

Hello mixologists and liquor enthusiasts. Welcome to the monthly original cocktail competition.

For those looking to participate, here are the rules and guidelines. Any violations of these rules will result in disqualification from this month's competition.

1. You must use both of the listed ingredients, but you can use them in absolutely any way or form (e.g. a liqueur, infusion, syrup, ice, smoke, etc.) you want and in whatever quantities you want. You do not have to make ingredients from scratch. You may also use any other ingredients you want.

2. Your entry must be an original cocktail. Alterations of established cocktails are permitted within reason.

3. You are limited to one entry per account.

4. Your entry must include a **name** for your cocktail, a **photograph** of the cocktail, a **description** of the scent, flavors, and mouthfeel of the cocktail, and most importantly a list of **ingredients** with **measurements** and **directions** as needed for someone else to faithfully recreate your cocktail. You may optionally include other information such as ABV, sugar content, calories, a backstory, etc.

5. All recipes must have been invented after the announcement of the required ingredients.

---

**Please only make top-level comments if you are making an entry.** Doing otherwise would possibly result in flooding the comments section. To accommodate the need for a comments section unrelated to any specific entry, [**I have made a single top-level comment that you can reply to for general discussion.**](https://old.reddit.com/r/cocktails/comments/11gthp5/original_cocktail_competition_march_2023_radish/jaq5ivv/) You may, of course, reply to any existing comment.

---

How you upvote is entirely up to you. You are absolutely encouraged to recreate the shared drinks, but this may not always be possible or viable and so should not be considered as a requirement. You can vote based on the list of ingredients and how the drink is described, the photograph, or anything else you like.

#Do not downvote entries

Winners will be final at the end of the month at 23:59:59 EST and will be recorded with links to their entries in this post. You may continue voting after that, but the results will not change. There are 1st place, 2nd place, and 3rd place positions. 2nd place and 3rd place may receive ties, but in the event of a 1st place tie, I will act as a tie-breaker. I will otherwise withhold from voting. Should there be a tie for 2nd place, there will be no 3rd place.

---

[Here is a link to last month's competition.](https://old.reddit.com/r/cocktails/comments/10ql2wp/original_cocktail_competition_february_2023/) The winners are listed in the post with direct links to their entries.

Apologies for the delay in putting up this month's competition. I've been very busy lately and it slipped my mind.",19,2023-03-03 06:27:09
1,Chartreuse Subs Experiment,Tested chartreuse subs neat and in a last word,367,2023-03-30 02:06:06
2,I made a cocktail smoker out of a cigar box and a gallon jug!,,313,2023-03-30 00:13:47
3,The Bloodyless Mary,"I was unsurprisingly craving a Bloody Mary one day, but ultimately wanted to create a show stopper. I juiced and seasoned. I strained and spun (in a centrifuge). Ultimately, I came up with a fantastic Bloody, however for a bar or restaurants menu, this was too much work to complete on a regular basis. Furthermore, I strongly believe that a bloody mary is, ""just a mixy"", or at least should be. Back to the drawing board.

Of course I came to Reddit for inspiration and found a post by u/the_madeline in which they milk punch and clarify a bloody mary. Genius! We recreate their exact recipe among a couple other punchs for comparison (we used Zing Zang and Clamato for the two other versions). We were close, oh so close!

The final recipe, which is pictured here, went for a base mix comprised of 75% Clamato and 25% Master of Mixes (Zing Zang was too... Zingy). We did an initial spin with a coagulant to get rid of the big pieces and then mixed a bacon-fat washed vodka into the clearer mixture. 

Given how acidic the Clamato juice is by itself, we really didn't need to play with acidity, although I did add just a scootch of pickle brine before adding whole milk. Letting that sit over night, we strained the mixture through a coffee filter and voila! 

The recipe is:
3.5 Bloody/Clamato mixture
1.5 Bacon-fat washed vodka
An eyeball of pickle brine

Poured directly into a Collins glass and garnished with a pickle.

I'm proud to introduce my no-mixy Bloodyless Mary!",306,2023-03-29 21:34:08
4,Trinidad Sour,,42,2023-03-29 23:54:18
5,Here‚Äôs my whiskey sour!,,36,2023-03-30 00:03:44
6,Steal My Sunshine,"3 parts Blanco Tequila
1 part Chareau Aloe Liqueur 
2 parts Watermelon Syrup
2 parts Cucumber Water

I like to call the mixture of Cucumber water and Watermelon syrup, a gourdial.

I'll see myself out",9,2023-03-30 06:53:42
7,Parmesan Espresso Martini,,212,2023-03-29 14:15:05
8,Funny comic i found,,7,2023-03-30 08:16:45
9,Tiki Coffee!,,22,2023-03-30 01:36:14
10,Chamomile Kisses,,179,2023-03-29 12:51:22
11,"Finally did my taxes today so celebrating (naturally) with a ""Death and Taxes""",,12,2023-03-30 02:59:00
12,When cocktail recipes ask for Cranberry Juice - What kind do they mean?,"Do they mean 100% cranberry juice? 

Or would Ocean Spray Cranberry Drink (which says that it consists of 21% Cranberry concentrate and the rest is water, carrot juice and other things if I remember correctly) be preferable?

&amp;#x200B;

As far as I know, you're usually supposed to dilute and sweeten the 100% cranberry juice, if you decide to use that one, but how do I know how much sweetening and dilution is needed? Does it vary from cocktail to cocktail?

&amp;#x200B;

I'm asking because I tried to make a Cosmopolitan with...mixed results... a few weeks ago and I suspect that it might've been due to the random brand cranberry juice I bought, which tasted like nothing at all. It somehow managed to taste more neutral than water.

&amp;#x200B;

I'd be happy to read your input, as Ive been to multiple stores looking for the right cranberry juice by now and never knew what kind to pick.

&amp;#x200B;

Thanks for reading my post",2,2023-03-30 13:01:33
13,Raspberry Chambord Margarita Cocktail,,2,2023-03-30 12:36:36
14,Campari Seltz - simple &amp; iconic,,31,2023-03-29 19:51:37
15,First drink with the honey spiced liqueur and my full Australian duty free haul.,,8,2023-03-30 03:18:27
16,Jalape√±o Lime Ranch Margarita,"2 oz tequila 
1 oz orange cura√ßao 
1-2oz of lime juice 
1 oz simple syrup/agave
1 teaspoon or less ranch seasoning (not dressing)
Muddled jalape√±o and lemon

Shake well, added some jalape√±o lemonade too at end.

This sounds outrageous and it is but also surprisingly delicious?",22,2023-03-29 21:36:11
17,Drankenstein,,13,2023-03-29 22:45:40
18,Big fan of @moresavorygoods,"[https://www.instagram.com/moresavorygoods/?hl=en](https://www.instagram.com/moresavorygoods/?hl=en) just wanted to shout out one of the more interesting (to me) cocktail-centered media channels, MoreSavoryGoods. he does really off-kilter and intense work, often reverse-engineering drinks he tries at bars around the world. check him out, it's good stuff!",1,2023-03-30 13:24:46
19,Ban on Nitrous Oxide - how will British mixologists survive?,"Recently, the British government has announced it wants to ban nitrous oxide (make possession illegal):

[https://www.bbc.co.uk/news/uk-politics-65085987](https://www.bbc.co.uk/news/uk-politics-65085987)

The intent is to stop people (typically minors) abusing the substance recreationally in search of a legal high. This can lead to very severe health effects, and some are also concerned over the negetive effects this usage has on the urban environment (littering, noise, etc.). This move has generated some controversy, with the opposition claiming that it is too little and to late. It has also been pointed out to the government (and rightly so) that this is needlessly heavy-handed and will punish legitimate uses of the substance - nitrous oxide is sometimes used as an anaesthetic, and, as I'm sure most of us here are aware, for creating whipped cream, and for stabilising egg white based foams (e.g. in an ISI). 

Assuming the worst (that this law does go into effect), can a British mixologist continue to generate stable foams for craft cocktails using some other method, or is nitrous oxide always required?

It will suck enormously if the authoritarian police state I live under gets to arbitrarily dictate how I may experiment in my hobby!",2,2023-03-30 09:35:31
20,Smoked &amp; spicy Tangerine Daiquiri,,1,2023-03-30 13:13:46
21,Original cocktail I just threw together for the first time called the Mercury. Turned out amazing,"- 30ml / 1oz Mezcal
- 22.5ml / ¬æ oz Angostura aromatic bitters
- 22.5ml / ¬æ oz Ginger syrup 
- 22.5ml / ¬æ oz Lemon juice
- 1 red chilli
Shake all ingredients with ice and double strain

The ginger syrup is approx 1.5:1 and is made by blending the ginger directly with sugar and water, meaning it‚Äôs got a powerful ginger flavour and heat. 

For something I improvised on the fly it turned out amazing, and there‚Äôs not much I could pinpoint to improve apart from potentially adding less Mezcal and the fact that an entire chilli is a *lot*. That‚Äôs up to your tolerance I guess, but it‚Äôs intended to be a fiery drink.",1,2023-03-30 13:08:21
22,An Australian orginal: the Koala. Sadly this drink is as endangered as the animal.,"&amp;#x200B;

https://preview.redd.it/ftrl40y2evqa1.png?width=526&amp;format=png&amp;auto=webp&amp;v=enabled&amp;s=05eaf5c376bece1da62bb5ae083c42effd5886e2",1,2023-03-30 12:29:46
23,"Two weeks ago I accidentally posted this cocktail under the wrong name and recipe, last week I posted the cocktail which bore that name and recipe, this week I finally present to you the correct name and recipe for this guy; The Canadian Cottage",,1,2023-03-30 12:24:14
24,I love the way my clear ice looks in a white negroni.,"Such a simplistic presentation, but so satisfying...",434,2023-03-29 03:01:11
25,It is my 30th birthday. I decided to make homemade vermouth.,"I got tired of seeing either suoer cheap or super expensive vermouth as my only options and I honestly did not think the fancy vermouths were worth the price.
I decided to make some homemade vermouth and it is fantastic!

I followed the following recipe 
https://www.google.com/amp/s/blog.mountainroseherbs.com/how-to-make-homemade-vermouth%3fhs_amp=true",7,2023-03-30 01:52:34
26,Step Forward,,17,2023-03-29 19:45:32
27,Does store bought agave syrup need to be diluted for cocktails?,I have a bottle of store bought agave syrup. Is it ready to be added to a cocktail or do I dilute it as if making honey syrup?,8,2023-03-29 23:47:12
28,For those who have done a bacon fat washed spirit...,"... do you also deposit the bacon itself into a container along with fat and spirit, or just the fat + spirit?

My first time doing this so any suggestions and tips are welcomed. Thank you.

I imagine I will have to take out the bacon much earlier, before I leave the spirit in the freezer to separate it.",1,2023-03-30 10:40:21
29,Made the Johnny Silverhand from Cyberpunk 2077,My first time trying &amp; making a cocktail,21,2023-03-29 17:49:54
30,Looking for Medical-themed Cocktail Names!,"I'm having a graduation party soon to celebrate finishing medical school! At the bar I'd like to do a few signature cocktails. I'm looking for any funny medical/doctor-themed cocktail names. Ideally, the drinks will be relatively simple for the bartender to put together as it's a very large party and we don't want a long line at the bar. Any suggestions appreciated! TIA

Edit: Im open to having a regular cocktail with a funny name (ex. at my friend's baby shower we made blueberry mojitos and named it ""Baby Blues"") so anything like that works too!",17,2023-03-29 18:05:13
31,Martinez,"
1 1/2 ounces gin
1 1/2 ounces sweet vermouth
1/4 ounce Luxardo maraschino liqueur
2 dashes Angostura bitters",6,2023-03-29 22:41:24
32,Choose your own garnish G&amp;T,,9,2023-03-29 21:40:39
33,Martinez,,3,2023-03-30 00:35:00
34,"Benedictine, gin, italicus, and orange bitters. Any thoughts?üòÇ",,0,2023-03-30 04:38:38
35,Belvedere blackberry&amp;lemongrass,I sell booze for a living but I suck at making cocktails. Does anyone have any fun or interesting ideas for this flavor of Belvedere going into a drink?,1,2023-03-30 04:29:33
36,Help! Small University Graduation Party Menu‚Ä¶,Hello! My friend will be graduating with her bachelors soon. I offered to come up with a drink menu and bartend. I would like to feature 5 cocktails and 3 shots. I have a classic Margarita(she likes tequila) in mind for one of the cocktails and a melon ball shot because her University is a green themed school. So please reply with drinks and shots! If you can include recipes that would be even more helpful!!,1,2023-03-30 04:27:26
37,Jungle Bird,,1,2023-03-30 04:14:43
38,Vieux Carre riff?,"Not sure what to call this. Was looking for new ways to use the Bruto so swapped the Benedictine in a Vieux Carre. Ended up tasting more like a boulevardier with that Campari-like bitterness. Delicious either way‚Ä¶

1oz High West Double Rye
1oz Bar Agricole ‚ÄúRed Vermouth‚Äù
1oz Planat Cognac
Two spoons of Bruto Americano",1,2023-03-30 03:13:33
39,Helped my mom clean out her liquor cabinet scored this bottle from the 70's,"The BnB half of the bottle was opened, but the Benedictine side was sealed until I made a vieux carre last night",686,2023-03-28 15:28:33
40,A Jefferson Airplane,,93,2023-03-29 01:37:31
41,Help creating a cocktail from a memory.,"Many many moons ago, probably around a decade ago, I attended a mezcal event in San Antonio. 

The event showed off agave spirits from all across Mexico, and the restaurant (The Monterey for any locals) was divided into different regions to showcase the differences in food and the spirits. 

There‚Äôs were two beverages I had, both from the same person, that have been in my head for years. If memory serves me right she won the SACC that year.

One was a bell pepper tequila cocktail, and one was a pico de gallo mezcal cocktail. 

We chatted and I picked her brain, but she didn‚Äôt want to give me any real information on how to make the cocktail for myself.

Cab anyone point me in a general direction to start recreating these for myself?

There was a post about a tomato, mezcal cocktail the other that has brought this all back to me.

‚ù§Ô∏è‚ù§Ô∏è‚ù§Ô∏è please help ‚ù§Ô∏è‚ù§Ô∏è‚ù§Ô∏è",1,2023-03-30 01:58:06
42,"Freezer cocktail, total water-added or total non-alcohol content?","Hey folks, trying to wrap my head around the important bits for freezer cocktails and one thing seems a little ambiguous/confusing for specs that I hoped I could clear up. I typically see 20% dilution quoted for cocktail batch specs, but I would have imagined it'd be the total alcohol content which is truly important(so that it doesn't freeze). For illustration purposes I'll assume gin of 80 proof, vermouth/campari at 40 proof(to make maths easier)

(per cocktail in batch)

2 to 1 Martini:

* 2 oz gin(.8 oz alcohol)
* 1 oz vermouth(.2 oz alcohol)
* .75 oz water
* 1 oz alcohol per 3.75 oz \~ 26.67% abv

1 to 1 Martini:

* 1.5 oz gin(.6 oz alcohol)
* 1.5 oz vermouth(.3 oz alcohol)
* .75 oz water
* .9 oz alcohol per 3.75 oz \~ 24% abv

Negroni:

* 1 oz gin(.4 oz alcohol)
* 1 oz vermouth(.2 oz alcohol)
* 1 oz campari (.2 oz alcohol)
* .75 oz water
* .8 oz alcohol per 3.75 oz \~ 21.3% abv

For freezer cocktails, should I really be keeping the 20% dilution consistent for all the cocktails, or should I actually be adjusting the dilution accordingly to keep the cocktails at a consistent abv?",2,2023-03-29 22:01:38
43,Making fruit syrups,"Hi!

The traditional way we do most of the fruit syrups is to boil them for a while with water and sugar, strain and voila, it's our syrup.

I always wonder. Wouldn't be better to juice the fruit or to buy 100% juice if available and add sugar? I know it's much more expensive way. But is that the only reason we don't  see this method?",9,2023-03-29 13:55:13
44,My friend got into an argument with the bartender and that‚Äôs how I learned there were two ways to make this cocktail,,21,2023-03-29 08:26:45
45,Looking to infuse some Galliano with mint,"I'm trying to make a substitute for Licor Beirao by infusing some Galliano with mint, but I've never heard of anyone infusing liqueurs before (usually I see vodka or other things get infused).  Has anyone tried this, and is there any reason it should in principle be different than infusing other spirits?

Thanks!",4,2023-03-29 14:52:33
46,Volume friendly rum cocktail,"Hey, I am working at a bar that does heavy volume and bartenders that aren‚Äôt the most experienced.  Looking for a crushable volume friendly rum cocktail",0,2023-03-30 00:02:21
47,Strawberry simple syrup,I was fortunate enough to have an excess of strawberries so I made a strawberry simple syrup. I would appreciate suggestions for cocktails to use it in besides the obvious strawberry margarita.,8,2023-03-29 11:52:02
48,The Casper,,5,2023-03-29 14:12:43
49,Making drinks without citrus,"Hello, I've been bartending for 11 years, I am a sour addict, and every cocktail I've ever come up with has lemon or lime juice in it. Any tips on balancing drinks that don't use citrus juice? I'd love to be able to proudly share some things without it.",1,2023-03-29 22:49:03
50,Baller Daiquiri Inspired By Billy Sunday,"They do a ""damn fine daiq"" which (when I was there last) used a blend of Hampden Great House 2021 and Clement Select Barrel with a bit of Tempus Fugit Creme De Banane

I did something similar except went 100% Hampden because I'm a fiend for the Jamaican rum funk.

2oz Hampden Great House 2022
1oz Lime
0.5oz Tempus Fugit Creme De Banane
0.25oz Rich demerara syrup

A bit sacrilegious, maybe, but it tasted like a lovely rum hug, so I feel no shame.",23,2023-03-29 05:43:02
51,A√±ejo Mezcal/Japanese Whiskey Old Fashioned,"A√±ejo Mezcal/Japanese Whiskey Old Fashioned

1 oz Ilegal anejo mezcal 
1 oz suntory toki
2 dash Black Bitters
1 barspoon Pandan syrup
Blanc grapefruit peel

Smooth &amp; smoky with the grapefruit really opening it up",1,2023-03-29 22:33:56
52,Easter Cocktail?,Any recommendations? Pops is asking and I‚Äôm having trouble thinking of something. I was thinking the corpse reviver #2 just based on the holiday üòÇ,86,2023-03-28 22:22:50
53,Cocktails that use a Fernet rinse/atomizer?,"I just got a new atomizer and decided to fill it with Fernet because I remembered there being a cocktail that finished with a spritz of Fernet, but I can't remember what the damn cocktail was!

Any ideas for how to use my new Fernet atomizer?",6,2023-03-29 13:36:30
54,First New York Sour.,"Well this is surprisingly good!  

Traditional Whiskey Sours tend to be a bit too sweet and tart for me.  However, this little float of red wine really seems to tone everything down for me which means I like it even more.",1,2023-03-29 21:46:38
55,Salted Caramel Whiskey,"I‚Äôm planning on creating three infused whiskies for twists on the old fashioned that my bar serves. One was going to be a salted caramel whiskey, and my plan was to blend a homemade salted caramel spread with rye whiskey, then freeze to separate, then strain bit I was wondering did anyone else have better methods",3,2023-03-29 14:32:07
56,Sa Tutto Lu from my favorite restaurant: Gramercy Tavern. Recipe in comments.,,1,2023-03-29 20:06:08
57,Basil Syrup,"Can anyone recommend a tasty recipe for a basil simple syrup? I know you can but them but from what I can see they don't have the best reviews, especially the Monin one.",1,2023-03-29 19:13:53
58,I‚Äôll just leave this here because you‚Äôll hate it,,0,2023-03-29 22:57:25
59,Flippin Trinidad Sour,"2oz Simply Batched Hibiscus bitters .75oz Alberta Royal Reserve .5 oz Montenegro Amaro .5oz lemon juice .5oz clementine simple syrup 5 fresh mint leaves and 3 drops of saline solution plus an egg white. Mix, dry shake, wet shake, double strain and garnish with a mint leaf. I was going to smoke it but I figured it had a lot going on already but I‚Äôll try one smoked tomorrow. Top 5 favorite cocktails ever.",20,2023-03-29 02:54:29
60,50/50 tomato marg,,114,2023-03-28 15:52:37
61,The Enzoni,"This one is interesting! Saw it mentioned in a different post here recently and had some green grapes so I gave it a go. The little simple really helps balance out the lemon juice and campari combo, the green grape juice was a little lost to me though.",19,2023-03-29 01:06:39
62,"Was gifted this yuzu liqueur from japan, any ideas what to make with it?",,381,2023-03-28 09:17:22
63,Chartreuse 1605 Swizzle,,29,2023-03-28 21:46:45
64,Ancient Mariner to Iron Maiden! ‚õµÔ∏è ü§üüèΩ,"Step One: start https://spotify.link/94phfn3gyyb turned up TO ELEVEN!!

Step Two:

Ingredients

1 ounce diamond reserve white demerara rum
1 ounce cruzan black strap rum
1/4 ounce allspice dram
3/4 ounce lime juice
1/2 ounce pink grapefruit juice
1/2 ounce simple syrup

Garnish: mint sprig

Add all ingredients into a shaker with ice and shake until well-chilled.

Strain into an Ancient Mariner tiki mug over crushed or pebble ice.

Garnish with a lime wedge and a mint sprig. 

Step Three:

ROCK ON!!  ü™®ü§üüèΩ",12,2023-03-29 02:43:54
65,Good cocktail bars in Miami?,Any recommendations? In South Beach or Downtown. A place with good drinks and good ambiance ($$$-$$$$).,2,2023-03-29 11:13:22
66,"Goldwasser or Goldschlager, which is better?",,11,2023-03-29 01:37:26
67,Dante's Mezcalito specs,"Trying to sort out the specs for Dante's Mezcalito. I based it on White Negroni specs. Should I be using regular Negroni specs (1:1:1)? Any recommendations on these specs?


1.5 oz hibiscus infused vida mezcal

1/2 oz dolin blanc

1/2 oz cinzano 1757 dry

3/4 oz contratto aperitif

1 tsp cherry heering",1,2023-03-29 13:26:11
68,Ancient Mariner,"Ingredients
1 ounce demerara rum
1 ounce blackstrap rum
1/4 ounce allspice dram
3/4 ounce lime juice, freshly squeezed
1/2 ounce white grapefruit juice, freshly squeezed
1/2 ounce simple syrup
Garnish: lime wedge
Garnish: mint sprig
Steps
Add all ingredients into a shaker with ice and shake until well-chilled.

Strain into a double rocks glass over crushed or pebble ice.

Garnish with a lime wedge and a mint sprig.",29,2023-03-28 18:56:31
69,"the most aesthetic cocktail picture i‚Äôve ever taken, of a simple paper plane",,6,2023-03-29 03:00:13
70,Calavados old fashioned,,18,2023-03-28 21:16:17
71,The Perfect Storm,,41,2023-03-28 13:43:29
72,Chicago Cocktail Bar Recommendations,"Hope this is allowed, y'all were a huge help for my trip to NYC. Actually loved Amor y Amargo more than Death &amp; Company! 6th Avenue Shuffle survivor.

I'm heading to C2E2 comic con this Friday in Chicago (if you see a Hela or Cyberpunk V, say hi!) 

Any recommendations for around McCormick Place? Never got the chance to explore the city when I worked there years ago.

Thanks in advance and wish me luck!",5,2023-03-28 23:43:33
73,"Easter cocktail test: Carrot Margarita. Result: Light, refreshing and probably good for you.","&amp;#x200B;

https://preview.redd.it/4pr0iszfgkqa1.jpg?width=2850&amp;format=pjpg&amp;auto=webp&amp;v=enabled&amp;s=c3569eac9b7a3f675c40b607c399bf426a67bf41",6,2023-03-28 23:41:36
74,"Turned 21 today, recommend me something.",Let me hear your most creative first drink ideas.,0,2023-03-29 14:41:16
75,Lillet blanc,Have had most of a bottle of Lillet blanc in my fridge for a couple months now and I'd like to attempt to finish it. Any suggestions on what I could use it for and what it goes well with? Any advice appreciated. Not a fan of the Vesper martini...,7,2023-03-28 21:59:47
76,Jungle Bird,,13,2023-03-28 14:06:27
77,Goose Fat potatoes,,11,2023-03-28 14:46:47
78,Drink I submitted for our summer menu didn‚Äôt get picked up. I still like how it came out.,,365,2023-03-27 18:43:23
79,The Campbells ‚ÄúBrothtail‚Äù,"I‚Äôm the 1950‚Äôs Campbells soup ran an add promoting soup cocktails. Specifically, Beef Broth on the rocks. I have managed to make a surprisingly delicious cocktail using this concept. Here is a link to my video on making ‚ÄúThe Brothtail.‚Äù 

https://youtu.be/YzO5tiAnxBY",0,2023-03-29 02:05:09
80,Comparing a Vegan Foamer and Egg White in a Simple Whiskey Sour,,582,2023-03-27 15:32:46
81,Decline and Fall Down,,0,2023-03-28 22:59:09
82,Bourbon infusions?,"I tried a peach infusion which took a long time and didn't taste as peachy as I expected. I normally infuse clear tequila, vodka or gin. What goes as easily as frozen strawberries does with clear liqueur?",1,2023-03-28 22:55:54
83,Raspberry daiquiri,,53,2023-03-28 00:18:12
84,Seeking ideas for a cocktail I could make with Trader Joe's Pomegranate Punch,"Really appreciate any input. Thanks in advance for any help. Pics below

https://i.imgur.com/2JbWefu.jpg
https://i.imgur.com/dhVg3vN.jpg
https://i.imgur.com/N4xrMaI.jpg",2,2023-03-28 17:27:50
85,An improper Aviation riff for my wife‚Äôs annual spring party. Help requested.,,1,2023-03-28 20:33:53
86,What would be a non-alcoholic alternative to coconut rum?,"My work is having a mocktail party and I'm trying to find an alternative to coconut rum.  Does anyone have any recommendations? 

I'm a big fan of Sunrise's (Coconut Rum, orange juice, and cranberry juice) so I'm trying to replicate that!",0,2023-03-28 20:22:17
87,New York Sour,,195,2023-03-27 14:56:22
88,Pistachio liqueur,"I got a bottle of ponche caribe, it's like a creamy pistachio liqueur and I'm not totally sure what to do with it.  I tried an espresso martini with like 1 oz vodka .5 oz coffee liqueur 1 oz pistachio and some espresso.  It was ok but it overpowered the pistachio and I want that at the forefront of the drink.  Thoughts?",1,2023-03-28 18:43:25
89,The Manhattan ‚ÄúProject‚Äù and some discoveries.,,25,2023-03-28 01:11:32
90,Premium Dark n‚Äô Stormy,,42,2023-03-27 21:12:09
91,"Strong, mildly sweet, and palatable","I have a pretty high tolerance for alcohol. So the only way to get a nice buzz is to drink a ton, drink strong but overly sweet cocktails, or aggressively strong and bitter. What‚Äôs a good middle ground cocktail that I should try?",0,2023-03-28 16:21:45
92,My first Last Word. Hmmm,,35,2023-03-27 20:23:30
93,Amazing Amaretto Sour (Morganthaler Spec),,76,2023-03-27 16:14:54
94,Oaxaca Old Fashioned,"1.5 oz reposado

.5 oz mezcal

Bar spoon of agave syrup 

Two dashes of angostura 

Burnt orange peel 

Mix in glass",18,2023-03-28 00:02:13
95,What can be added to cola drinks to improve them? generic or known brands.,"This could be something to make most cheap generic colas taste more like coca cola (or pepsi), or what is good to add to coke or pepsi -which may dramatically change the taste but is still a good addition.  


Preferably easy to source stuff, like vanilla. I have had some supermarket brands that listed hibiscus which I liked, not sure if it was due to it though. Or it could be things like sugar or glycerin/glycerol.",0,2023-03-28 18:07:20
96,How would you go about balancing this cocktail?,"* 2 parts vodka
* 1 part pomegranate juice 
* 1 part basil-infused simple syrup
* 1 part lemon juice  


1. Shake the above with ice and serve in a glass rimmed with fresh basil.

&amp;#x200B;

The idea behind this cocktail is to use flavours and ingredients common to Tashkent, Uzbekistan, where I live, so I am reluctant to add any new ingredients. At the moment, the drink is just lot a little cloyingly sweet, but when I cut down on the juice or syrup, I find the vodka hits too hard. Would be grateful for any tips on how to get it more balanced - I am really going for a light, refreshing, summery drink.",5,2023-03-28 05:18:28
97,Help Tweak a Shitty Recipe,"Hi, I'm trying to improve a recipe on Crown Royal's website because I have a bottle of Salted Caramel I need to use up. It's called the Caramel Apple. I pretty new to cocktail making and my palate is pretty inexperience yet so I don't even trust my own tongue, but does this recipe sound balanced/well done?

My specs: 

‚Ä¢ 1 Oz. Crown Apple

‚Ä¢ 1 Oz. Crown Salted Caramel

‚Ä¢ 20 ML Fresh Lemon Juice

‚Ä¢ 3 Oz. Fever Tree Ginger Beer

‚Ä¢ 1 Dash Angostura Bitters 

‚Ä¢ Garnish with Apple slice






Original Specs:

‚Ä¢ 1 Oz. Crown Apple

‚Ä¢ .75 Oz. Crown Salted Caramel

‚Ä¢ .5 Oz. Fresh Lemon Juice

‚Ä¢ 4 Oz. Ginger Ale

‚Ä¢ Garnish with apple slice



The original was very sweet and light on the booze, so I added some bitters, reduced the mixer, upped the booze a smidge, and increased the lemon juice by 5 ML",0,2023-03-28 11:54:43
98,Yuzu Mint Margarita,,25,2023-03-27 18:31:01
99,Crime and Punish-Mint,,7,2023-03-28 00:57:08
100,Triple Cherry Action! La √öltima Palabra,,4,2023-03-28 03:29:31
